{"cameraMode":{"drawMode":0,"name":"Shaded","section":"Shading Mode"},"sceneLighting":false,"audioPlay":false,"sceneViewState":{"showFog":true,"showMaterialUpdate":false,"showSkybox":false,"showFlares":true,"showImageEffects":true,"showParticleSystems":true},"in2DMode":false,"pivot":{"x":0.03200000524520874,"y":0.31200000643730166,"z":-2.421999931335449},"rotation":{"x":0.20710118114948274,"y":0.042537398636341098,"z":-0.009013395756483078,"w":0.9773579835891724},"size":0.0707106962800026,"orthographic":false}